,company,title,link,source,content,publish_date,time,article_type
0,Intel,There is no fix for Intel’s crashing 13th and 14th Gen CPUs — any damage is permanent,https://news.google.com/read/CBMiogFBVV95cUxOcGtOZ3UzWk9ib1A4TGxDT3FPSXlEdU1QeW1ESVRlMjZFUlVTYmk0YWEyVkNUdXNrMDRFSUNnVDlzTFM5M2tLUDZnQ1BfOE9BODJnSm5YMERsU18wb1kyZnBkam44ODAwRUFOZlNxbFZ4VzBrd21TcU1hU0xCV0tiR2FMbktGdnE1TFFhZi1jYmh3M2NWLThPNXVFY1R5U3pOTnc?hl=en-US&gl=US&ceid=US%3Aen,The Verge,,2024-07-26T07:00:00.000Z,Jul 26,regular
1,Intel,New Intel CPU Vulnerability 'Indirector' Exposes Sensitive Data,https://news.google.com/read/CBMigwFBVV95cUxQOElSd2xFQWd1N3paTDBySkJPSjQwWTlhR2VPU21naE1fT29GVjRmaFNqeWY5QkRuRE5nRmJPcjhzdmYxNV9taHJMajVyTWNDZC1BNEhZRVRSOG95ODFtY29fRHVFT2JzajM3U1pLZlk4VF9hWThwdmlEdHZreWFqc3l0WQ?hl=en-US&gl=US&ceid=US%3Aen,The Hacker News,,2024-07-02T07:00:00.000Z,Jul 2,regular
2,Intel,Intel Unveils Meteor Lake Architecture: Intel 4 Heralds the Disaggregated Future of Mobile CPUs,https://news.google.com/read/CBMiywFBVV95cUxOTkphQk5VVVNLWGY1ZlptTXJyc3VMNUV3T2std29oTUJOM19IM2Z5ZEtUdU1rMWxNRElTOGlRTXFLTzA3V1dTLXY5andLUVVaaElTZGprTld5V2k0REh5UmZUZEVTZWt1cktxb3lva1ZGUmJsNXdsUXJLV3BSOVBBZGdiQkc2blNUanFucEdvRTNEZjU4YW52a0k3WjNDTmtpRXhOTGlyU1Fsa3J5UUd3ZGRmcUF1QlItNno0VmVnN2d5VklVZWJWVmJRWQ?hl=en-US&gl=US&ceid=US%3Aen,AnandTech,,2023-09-19T07:00:00.000Z,"Sep 19, 2023",regular
3,Intel,"SoftBank scraps AI chips tie-up plan with Intel, FT reports",https://news.google.com/read/CBMiqAFBVV95cUxQcDIzanhMdE5ObDNYLTdJbTlHc3VaRV9iaXdGelFEMWRLLWZqdjNzdk5nNVZSXzBMWkVjZXN3NkdNY1BjcUFPSy04d1VvOGVXbUJqNGRhZWZwbm5ZR3k3ekd6NjNCQzlmRGoyR1ZsM0lRNFhLNFBnUERLcWlna0xlZkN0VjRjX0FvbWp2WVNzZzJrTzNSQ2c3UVpfV01zVHl3NklVcFR4bGY?hl=en-US&gl=US&ceid=US%3Aen,Reuters,,2024-08-15T07:20:07.000Z,5 days ago,regular
4,Intel,Intel has sold its stake in Arm after a big rally for the chip-design stock,https://news.google.com/read/CBMiugFBVV95cUxNenA2bzZTMVdSa1ByR3hYcTFFc2tQMF9FSHFCVGZZUGE5N3RoYkRkaEd0Q3lGSWJMNUZNX0dUeTkzOEY1ay1IYXd2WWhycExmLUtWSVA2OHVVZmkySkpaVHU2T3EwLUxPNGpsT0p4UlIwVVhkdnpDbmJpWG5zMUpqNWFVMnYyNlpPOXNXdUNDZ0s3dUpTaWY1WUNzcmFwWHRPU3pYSTRpYnFtN0dWVDZVbGRGVTg1Y2EwbEHSAb8BQVVfeXFMUFZNWXpWWF9zbEJUallMYVg2T2UtcWVTek1jSmJQUF9OMFFQMmdtSWxocVRWUlI4bjFUeXFuSEdqNHpXS0M2LVE4SkU1YkQ1emZRdkVTSExjTWVVMTdiTXlJWV9OV3dsOVV4YlBVUFM2S2R5Z2t6ZmVZTUhfeHpTZjhnay1uckFybTNwcVR5THpwWDdXYlRYcFBudzUtYnFDYXg2SEZFdnNKUnQtaklFc0todmMyZ3p5UTJnZjRfUmM?hl=en-US&gl=US&ceid=US%3Aen,MarketWatch,,2024-08-13T19:32:00.000Z,7 days ago,regular
5,Intel,Intel to deliver fix for Raptor Lake CPUs made 'unstable' by voltage snafu,https://news.google.com/read/CBMifkFVX3lxTE5FRnBXLVVVRVc3a2JZeHdzWU82Z2tKMmtsSXI4bzJkbTZUcGxwTEtvR3JHUkxEQ3JkbUprTVA5RHhvcHR6RERyMnFORjN2WTdaZC12T1ZWdTBRZjJnT2J3ZVJzb3BKN2dWb1VqQV9mcFN2QmtGak5CY1pyVHczZ9IBgwFBVV95cUxPWkh1WVlZU0hhVTJlNEJoNk9RY1ZmdFNsdFdyU3JUY1RpcDJudGhVYXhXOTRLd1lNZ1lWNUt2NGRRc1QtNmZobVVMMXItaEt6bWR6YllNLTM2Y1VXemNLeVpLQWpVZ1BmbTZMbjdvSnlkdm5pamhPMWktZ2N4blFxbi1ibw?hl=en-US&gl=US&ceid=US%3Aen,The Register,,2024-07-23T07:00:00.000Z,Jul 23,regular
6,Intel,Will Intel’s AI And Foundry Bets Reverse The Stock’s 38% Slump This Year?,https://news.google.com/read/CBMixwFBVV95cUxPWlFfeU14OXB3el93S1VmU0xhOUZTTFA4a2ZIRkhBUm55MFdjb0tSUV9fekZoVWFFUzRIdDdrdzAxcXBiRXg0cEJLMldRTVVZY1BOZ1lKdVpRQVdlZjlCbV92aGUxMTFKZ2RXOXJ1NHFudGhIN3dMVmVURVdlRTQ4Mml2cG4zazY0Ym9DbVZXVWhCUy1MMHUyN0d0bUJfMkQyams1T29WUXdIRC05VXZ0NXBLbjl4Z2p6U0NaSXc5THBlOE04aE1Z?hl=en-US&gl=US&ceid=US%3Aen,Forbes,,2024-07-02T07:00:00.000Z,Jul 2,regular
7,Intel,Intel’s CEO on Turning Skeptics Into Believers,https://news.google.com/read/CBMiRkFVX3lxTE1jd2hldl9FWU55UlVfZUlKVzhkazhTNmZ2a1pOYW4tcEZhRGQ3THRIeElJRG9jWnZRMmpGdTh1c3laMHhHdEE?hl=en-US&gl=US&ceid=US%3Aen,TIME,,2024-05-30T07:00:00.000Z,May 30,regular
8,Intel,SoftBank courts TSMC for AI chip project after talks with Intel fell apart - report,https://news.google.com/read/CBMixgFBVV95cUxQcW1tRktnbUVjNU5UN1c0VUF0UnJKd29QclFHczFHTzRiNE1PMmNHcGJxYW9Nd0hOblpyc3RRYUwyNlhpSEZFTU1Yb3FodjRTd2Z1YWlsVlh4bnlVVmdvYWNwclFkLVhuYUZCSlBuMnljOGI2ZEQ0VFVhaHFMc0RKeUVsQWk0M0JjczJ6elJ4WDh6dWpqQ2JOOGx1SW9ySFVWd1RXUFBjckp5UnJsQndlOHVRcXRtcjEwZlVDNUNyT2F5MW91MFE?hl=en-US&gl=US&ceid=US%3Aen,Data Center Dynamics,,2024-08-16T12:19:42.000Z,4 days ago,regular
9,Intel,"Intel’s CPU branding was already confusing, and today’s new CPUs made it worse",https://news.google.com/read/CBMiuAFBVV95cUxOckJZLWJuS0RzVngzR1ZtanE2VWhuTzNvSnhESmo1TGNiQUY5bktlaWprRGV1WHJyWDZ0YW1RQnpvSVdyZi1lSzZoV291bGU3OHZuZ1Yzbmw5V0l1U3FrbE5ORUROdW9iNGdvYlkzRE9mMVA3NUxndmFCTjMwRkswbHdSaEpHXzlkT2pRd1JfcTZ1VTBnUDZFWnR0Wk1POG40Rkh0cTRGam5iTlV3UVRpTzluQmJQU1I1?hl=en-US&gl=US&ceid=US%3Aen,Ars Technica,,2024-01-08T08:00:00.000Z,Jan 8,regular
10,Intel,Intel 18A Advanced Packaging is Key to Tech Leadership,https://news.google.com/read/CBMihgFBVV95cUxNS0dIM3FBN3l3S2UzY1dremlFLWtYQUZpRnVqb09VVjBEaG9iRXVtNm9yZk1rMEJfc0dEXzBZU0twRnpzeHlCVjZTdFY0UmpWdzl3bktEc2dYblFISHFFQXgxOU01WWNvTmlpVURNRDRiNkRjT3FiQzFUczNyU0xpMEU2YVUwQQ?hl=en-US&gl=US&ceid=US%3Aen,EE Times,,2024-08-13T12:01:29.000Z,7 days ago,regular
11,Intel,Intel invests $10.5m in data center tech at Folsom Campus in California,https://news.google.com/read/CBMiswFBVV95cUxQWnA2cEtCQndiLS1iOERGbGdEQ00yVDhjc1pVT0psZ0VDdWVMZEhoNnJYb0w1NmhQb1FqVVhkOUxJaXFPVzNfczBCYUFDNlIwU0pIMld5TVlOQ19ieUhBYTJkWGxhV0laRHZGUE5fZ1o2c0tSTDIzT2t6anBaYnA4UFR0UTQ1ZEpkRmtlTG1FRkJKM0xWYjZ1eUJod25zbkpNbVhsaWpSLVFNZlZTTjJUSkQ4Yw?hl=en-US&gl=US&ceid=US%3Aen,Data Center Dynamics,,2024-06-01T07:00:00.000Z,Jun 1,regular
12,Intel,Intel's latest AI chip is a direct shot at Nvidia's moneymaker,https://news.google.com/read/CBMiqgFBVV95cUxOb0QxUGZ2VF83UkJTa0xwaTFiR0lEeWRTMXpHZk0wald3T0lSLW9xdXBiU0lrZlV3VDBQNDM4eXV5eFhhdllFV1hhUGpoQUFFZE9aREtVd2g2c1ZBaURKUUxoTTA0RXlYbHctY3ItQmdTOGZUVXRMUDlBYTlxVnUydlQ0U1UwY1FySXkweElfYU1OVDl5bGlLaTF6aHB0NHdKM2JFR01nVTNzQQ?hl=en-US&gl=US&ceid=US%3Aen,Yahoo Finance,,2024-04-09T07:00:00.000Z,Apr 9,regular
13,Intel,Intel prepares for $100 billion spending spree across four US states,https://news.google.com/read/CBMiqgFBVV95cUxOYVNhVTdvQWs2a3JnVVlLbndCM3F5LVpTV1dGQTVlb1hCWnB1MjF3TndjSEhKM2JoLXpjbVhMbDlGUjVWNnlORVJsbnlWbWFYUlh6bWZjVlJueWJJNTFkdHcyd1d5MEhCR2Q2b2RvQUZnaEVmYW43NDdPTkJ0VjFhRW5WUFUxTGttZm1wS2NiWlBKWXJWR3EyR0h5M0VITFpoV0syR3d3eW1Zdw?hl=en-US&gl=US&ceid=US%3Aen,Reuters,,2024-03-20T07:00:00.000Z,Mar 20,regular
14,Intel,Intel Receives $8.5 Billion in Grants to Build Chip Plants,https://news.google.com/read/CBMifkFVX3lxTE1zVlRaN21BNFByMVlraGhCMTNZQXRDUmJONnJUWDg2SmxUUzRrdXdTUndKRmhqU2NKeGQzNkpjdkliVVF5YXREVFczVUFtSzk1anR4TEFvS0doZEZ3dkhkc2tDSFZqT0diZVVkeXhIa29KYThyeUg0cXBGV1kwUQ?hl=en-US&gl=US&ceid=US%3Aen,The New York Times,,2024-03-20T07:00:00.000Z,Mar 20,regular
15,Intel,Intel Is Getting Closer To Staging Its Comeback,https://news.google.com/read/CBMiiwFBVV95cUxPZzhqWGJ2a3VFMV8yM2ozUUxCQWcxM0NFREtXR3g2aXRQWWdYT1RaSTYyOEdvR2Z2alhPSENnb1NZOUFHSFRjV1RjLXBOWjBWejJpZEs0SDlLblpGb2N3aUNjY3VyY0hENHctRk5fc2Y3UGxXT1VHLXVud1Z3dGt6cDhzQlA0Wmd0UDRr?hl=en-US&gl=US&ceid=US%3Aen,Yahoo Finance,,2024-07-09T07:00:00.000Z,Jul 9,regular
16,Intel,Eight things we learned from Intel’s Innovation keynote,https://news.google.com/read/CBMirwFBVV95cUxNZjRpdng2WDczSjNNQkstWXNZTndYZlcwWVVfTlVqbmhSM0NleGgwMWw1U0I1YURsY1hNYi1PYmI1cHJmOGNWU0JocWdGNmdpMzlZUk5DOENBd2NwVFN5ZURWT3BTVlpJa2w1QmdFNTRrMjJvRzhGd2NISnBJeFI2YzdaUHZVcVUzQkwxLUlEQm1aQXZjNWlnczRoZWFsOHlyWjczS3RMM3E4eHIzQ0dz?hl=en-US&gl=US&ceid=US%3Aen,The Verge,,2023-09-21T07:00:00.000Z,"Sep 21, 2023",regular
17,Intel,Intel Teases Lunar Lake CPU Ahead of Computex: Most Power Efficient x86 Chip Yet,https://news.google.com/read/CBMirwFBVV95cUxPdUo0cFB3T2hKbGlqRVZ4MFhPdWdqM1AtVmJ2bjlsYXAyNUlVUGUzUnlLRF9uZXVISDN5c3JvWTJoMncya0pCcHVzSEdkNzNHbUVmcjhLYy02N3pEOHVRMW1ZUzFWVnhNQ00zN3pXZkRKNWZkRU9ZcnBZZ1BWaXpnVl9VQ3BjOTFJejZkRHFrZVNPYlpILUtiSEpwS0gtX3NrYTdoUk44MkxQNVUwZzZV?hl=en-US&gl=US&ceid=US%3Aen,AnandTech,,2024-05-20T07:00:00.000Z,May 20,regular
18,Intel,Israel grants Intel $3.2 billion for new $25 billion chip plant,https://news.google.com/read/CBMiuAFBVV95cUxOc092WmplcXhMODRFS3VwbC1PMnlzWVI1TmRLQ0pIdHpmMF9fYmxBYWR3Q2RkcEwyS1VNOHI3anZ0S2RZYW1iSkpBU0ZwTnQzTHdwSW5SNXo4cTl3REc1TUZBakV6RzJQYlhQVjJ2elQ0dzFkZzhCaUxqYUFBeFZTTUlER0NMOWJ1Z0FPckpTS0xvTmpDNm5BRUVtb0VKTmZzdVZGSjBUNWRHQ2hvWVZGeTQ1WU01Y18z?hl=en-US&gl=US&ceid=US%3Aen,Reuters,,2023-12-26T08:00:00.000Z,"Dec 26, 2023",regular
19,Intel,Intel is sued by Jewish fired employee over ex-supervisor's alleged antisemitism,https://news.google.com/read/CBMihAFBVV95cUxQR2E0V1RJN0hyLU5IRVpQSWhpVldjdE4yOGx5bzUteUx5Qkw5NlIyUDV4dmFsRVd0VV9pY25sSDB2bklXVUlWRXUyTFFlVkNXcXFwcXZPV1ZFdUJmcTZrZjA0ejdHRzVCdl8yYUtwMklKVXpaaWpsMTNXYXlBZUVsT2tYT18?hl=en-US&gl=US&ceid=US%3Aen,Yahoo Finance,,2024-08-13T18:33:04.000Z,7 days ago,regular
20,Intel,Why Intel Stock Surged Today,https://news.google.com/read/CBMif0FVX3lxTE93ZXlxTGxiR0RncUJrZHZxcTAybHJJNUtpWGpmMk1Kc1lvY0ZQY0hWNHlYM01kbTFjVGVoVXRXUFRLQ2ZjTWpBTW1WUUZFT3NlczJlclIzVmRMem41ZmRSQ3FjZlNmSG9OSElDanNzNUN1ZTB1Q2RsbDN0ZExBVms?hl=en-US&gl=US&ceid=US%3Aen,Yahoo Finance,,2024-07-09T07:00:00.000Z,Jul 9,regular
21,Intel,"Nearly 20,000 Intel Employees Are Heading For The Exits: How Salaries Stack Up Against Nvidia, OpenAI, Microsoft And More",https://news.google.com/read/CBMigAFBVV95cUxPWjRKQXZIckJxdFpjdW1Lb0RhSEdzT1dNRWwyanBRYjZ1Y3BlZGxjaExlQ3F6QTV5YUZWczBZMmdWRUxzNnc3SlB4OTBTM09QUmdlUzRqbUxuMzNvTjNPRlBOaXBqVXNHQUZOMFlFaHlUdlVQU3dNb0ROQ3BtNlNiZQ?hl=en-US&gl=US&ceid=US%3Aen,Yahoo Finance,,2024-08-10T07:00:00.000Z,10 days ago,regular
22,Intel,Intel trims more jobs amid ongoing cost cuts,https://news.google.com/read/CBMingFBVV95cUxQWlJ3WEVvSjg5eXdxZUpnT2xjRklfN1RQRXQtLVBFanloZm81TnRvVzBEVi1LeXZlcG5KZFlOVEtsdmlaY1dpVERlci1TM1c3d3NJRXZwTEU5TWRRalRsaXpXaWk1Q18wYndOTjZXQXlSd0swWjlpb29tZUdweGJwTkxHNk9iMk10YWowdDhxZ2pETTBqRklGOUxxNmhQQdIBsgFBVV95cUxPa1NCOEZHM0NtZlQzMVZiYVBjVmMtWG0xUXVsY19kV2Zpa1pUOHFXRTZQRW1LbTFnTll4VGtqUzFhdkk4eWdPaTA3UWJrbExpZWlGeHBlVU9GQlNCM0hOeU5oc1JUcDVJWk1LWE15NXd0TG5kb3AySkpYWENMeUdtZlliOXhJZVR4VmpqUWpqeDJNdkd4eXNYZUNXeG55VEZHQmRPdHlEODZDYlB1WEVBU2Zn?hl=en-US&gl=US&ceid=US%3Aen,OregonLive,,2024-06-20T07:00:00.000Z,Jun 20,regular
23,Intel,Intel spins off FPGAs to focus on core chips and foundries,https://news.google.com/read/CBMipAFBVV95cUxPQ1RVWmJtWko4Q0hZMW9vRkhpNjA2NlJPUENQNktaSHAyNC1UaVBiMWZ3M24tMnZlcnAtVkE4QzNuekR1dFJCaC1KYWdGdktaQUFBRkR2QUlIYXlJc3NSWTJBRC13a1NCMnRlNm5DUmlrNXdIRGNibDFubWpOa1FWVVZTNTBlbG5vc0d1OHpoZHUxQVdfdW1BXzFHNjh4Q1NTX1MtdA?hl=en-US&gl=US&ceid=US%3Aen,Light Reading,,2023-10-04T07:00:00.000Z,"Oct 4, 2023",regular
24,Intel,"In 2024, Intel Hopes to Leapfrog Its Chipmaking Competitors",https://news.google.com/read/CBMiS0FVX3lxTE5NakFsMzh0WlppRGpjbEpsNlNmdmVLMU9ZMFRoaDlDWGVDbkg3cHgzcURHYUpwYnlnY1QxYmRxcVBfTHVFT095andqWdIBX0FVX3lxTE0wVE13WWg1ZHZuYVQ0bDFzRHR2UjJoNU9BX29xNDV0UkRMdk5pbDFhOWZEU3pNRGtjdVlTSDY5NG9SYWg5NVg0dl9NV3gxalVCX1pDc21rT3pDeVViTWJJ?hl=en-US&gl=US&ceid=US%3Aen,IEEE Spectrum,,2023-12-18T16:02:52.000Z,"Dec 18, 2023",regular
25,Intel,Intel: “We are bringing the AI PC to the car”,https://news.google.com/read/CBMiiAFBVV95cUxPS243Qk9rRjhMNlJVOFB2cl8tYjNJSEFJMFloMEdPMi0zdHZUUTZ1TDFxZ0FQU3FTZmx2al9uMi1JVzZzYmd5LWkzbW1BaVdBVGQzU0x2US1SMlMzNzJWQXhBNVA4NW1QWldLX0tfTEl5TFFBYnh2RVVpUGhzMTljaHNVU01KX1pV?hl=en-US&gl=US&ceid=US%3Aen,The Verge,,2024-01-09T08:00:00.000Z,Jan 9,regular
26,Intel,Intel shares updated construction video from Licking County site,https://news.google.com/read/CBMi9gFBVV95cUxPOGNqVVpWc2x3ZFRLVE9CQ1ZRUkZjWTVJbHBPc3JTbGlfVkotS1JUQzAxSlRwSG5lLVg0MHp4VkVjb0tNeF9zaG1ldG1JVEFPaVlnY1BXQzB3TF9TQmJuV2J0SkdNTEJXOVJURGlwLWpOSHIyYnV0S1VJT1hkQVA3MWp6WWVHa0o4SnhXNzVGeVBkbVF0TDdySFVKNF9MeFhtSW4tOXp1dUdPbXU0QlA1T0xCNjZfWDF1RXFtcDA0MWt2QUVyNUJTMGRaYUhQRUtrMUFMbnpmWlpEVWtUR2d0Vm9kQ2RZNXE5dV9jMk1sZ0p3M3AtQVHSAfsBQVVfeXFMUFRsUmtUc0EtVnc5d3pCc1dITlNyZzFqZjF1ZVNwN3J5MER1U3dPeEVwNm9tUFlydXJuaHZITzdJZjl3SjJSQUtwLU9iYmlmYnR1X2QybUhDYmZwam14VHFDREpoOUNtdExoODJyRm0zZHRTS3RGS0MtZWx4RDExTjUxYUxfWE5nWnlFSk9UaHZXWjU5eWoxV3JpanhZTkpKSHlCYUZMYWJFek8wUExNbGhyNFFYYnlBUzlYMktQalRZMWtEejg4UUlUSHVITmhNMElXbUhLU2NBRmFDYzFBdU5WRVhWWE5wYzdhM2Jkd3pUbF9ZakYwd1RFS2M?hl=en-US&gl=US&ceid=US%3Aen,ABC6OnYourSide.com,,2023-10-01T07:00:00.000Z,"Oct 1, 2023",regular
27,Intel,Intel 3 Represents an Intel Foundry Milestone,https://news.google.com/read/CBMiekFVX3lxTE5rVHdiT2dsWFFVUWVmVHljLWhUT3pHeDVlZEwwS1phbkNCVzB6UWxjbFZhT3lEcGpHV1JiV09ZNDR5a1JWMzFTX3Y3a2phNExTMmpJNzlfWktRUE9XZElkUFdTWkY5R2xFUUJNdmc0MHRHM0x2emZXRWN3?hl=en-US&gl=US&ceid=US%3Aen,EE Times,,2024-06-18T07:00:00.000Z,Jun 18,regular
28,Intel,I spent three weeks gaming on an Intel Arc laptop and I'm… shocked,https://news.google.com/read/CBMiXkFVX3lxTFA3b05GUER1am02azJQMWpNMG1QRWFsXzlvVHhNSzdnUE5ndERxN25VRVMyU1ZJYkpVc1lpZ0V4LUtaV1p6Q2hDQjR4OC1zTjQ0eFZVZ2xBcFVORGxnUUE?hl=en-US&gl=US&ceid=US%3Aen,Laptop Mag,,2024-07-21T07:00:00.000Z,Jul 21,regular
29,Intel,Intel’s Server and PC Chip Development Will Blur After 2025,https://news.google.com/read/CBMimgFBVV95cUxOc2tGajVUYTlZQ1lkdG90UHVpcW12Y2t4d3lCRVJOaGNkYnJyX3BPN3ZKQ1htSUN4QmVRSlZXYjhMQTRFSUNRQ2YtaHk1UGNHbWo0d2I0TjAwQWxaNDVBN1AzV19KT2t4MGFIcWdMV3RqcW4xdkQzMHVlcjBGem1qUWFZd0hIMVFHSWhxb1l4YkF5YmxYT1ZHTXNR?hl=en-US&gl=US&ceid=US%3Aen,HPCwire,,2024-01-15T08:00:00.000Z,Jan 15,regular
30,Intel,Intel Hits Key Chip-Making Milestone In Gelsinger’s Comeback Plan,https://news.google.com/read/CBMiswFBVV95cUxOeFNhbHhDTDA3T3VoS2VsSHVYczVSZkRfLV8wVlVFbi1RNzdrUjV6b1k0LWJjWmFUSFlPMkIwdUN4bnZ4bG1McE5BZ0hPVnZtdHRMNVViNUZOVFpUcm9nY0xISFZPMnJ4WEhiVjIxVHVmREI3cjNRcHppbzhjSU1DWFJ3Q0tnckQ5YlVuVTROYUQ2cWE1NkhzNVhwUlhWSDEzUzNXeFZnREtyZEgyZmpNVXE4UQ?hl=en-US&gl=US&ceid=US%3Aen,CRN,,2023-10-02T07:00:00.000Z,"Oct 2, 2023",regular
31,Intel,Why Intel Stock Keeps Falling,https://news.google.com/read/CBMigAFBVV95cUxOSnI0aXlIa2ZSRkZvUi04MFFBWTNlZHY5MUkyYVJNeVBFWWFzLU56QW9tNUlNOURYSHQxQmNDWVNYVHVBN2RyOWQ2ejR1TkR0aDltMzJyOVNyUHBiVHo2OGllTVJMOWl3bzZLRjItVG9jM0dJN2Q1eUlHVUNIVGowRA?hl=en-US&gl=US&ceid=US%3Aen,Yahoo Finance,,2024-04-05T07:00:00.000Z,Apr 5,regular
32,Intel,Longtime Intel Xeon Exec Lisa Spelman To Join Cornelis As CEO,https://news.google.com/read/CBMipAFBVV95cUxNU3k5Ty1maldrcko2b0txWmZueU1id0J6Z0NPOTdVM3FaTEt4QjV0UDZ1V0FBVF91ajk2bVdOT00zb0VBWmpDWFEtRi1lVm13TGtwUlNDX0ZpWWI0Y09nNzJkZDNUbFd6ZzdwbkdzdlZqVWpHbzRHWE5CUm9fYlRiUk1tM0VoZVBMR0Y0VHpnazFVUnFHWm5mclFkYmwwV01teW4xYw?hl=en-US&gl=US&ceid=US%3Aen,CRN,,2024-07-18T07:00:00.000Z,Jul 18,regular
33,Intel,A Peek at Intel’s Future Foundry Tech,https://news.google.com/read/CBMiS0FVX3lxTE9TYnBXUE9VaHFhMUotczhYcVFXY2tUa3BsYmJvWnhJeVBQS0pnZTR6aG9wbFFoTEwzTWd1QU1Ba2d0RTg4TFRMRWJRb9IBX0FVX3lxTE1Fb01mTlplNkxfVDFBTkRMQ0I2WDdxS2hIdXlJdm1odkNxOUxBSVNFMUFGXzA5VEhoTkNScDRYMWtSd2dDeXZqZFdZVnVNOVJXUUtyWmFmNUpOeHVlT05z?hl=en-US&gl=US&ceid=US%3Aen,IEEE Spectrum,,2024-02-21T08:00:00.000Z,Feb 21,regular
34,Dior,“I Don’t Think About Feminism”: Maria Grazia Chiuri on Dior’s New Look,https://news.google.com/read/CBMiqwFBVV95cUxNYVZobkIwX0xuYVJzb0pxT0pZOXdKSWR5dkNldkhYZW5YbnNDZ1JPelRUSzQxSXlNemVxLWF5Y1laUEVjLUNUa0tma1V6b1RhZ1FQaW50UTN0bVM4My1OaURWdGh1Qmk1NVdzcGh2endxSU5rYy1UWF8taHd2SlBySHNTeDBBalVrZXZfRmtzVzNCbTUwaERBUWFEdmI4djYtWUQtS3ZDNmtxbzA?hl=en-US&gl=US&ceid=US%3Aen,Interview,,2024-02-14T08:00:00.000Z,Feb 14,regular
35,Dior,Dior launches ‘Dioriveria’ residency at The Little Nell,https://news.google.com/read/CBMijwFBVV95cUxNS2lZT05RUW0yTFdIWXI1TEZCM2tScjlScHNnT1cxYllUYkxYNWFFc1FDV19ZR0E5eXotLVlxaldGRW15V05Kb0duLS1QaDZGRy1jMGxqRFQ5TndZTGhxeGxxVXZsenNtVXF2RjU1a0ZOZ3hrQ182S3RMeTRSQktFUUZlTlVpbXdBcUhsNUNiQQ?hl=en-US&gl=US&ceid=US%3Aen,The Aspen Times,,2024-06-19T07:00:00.000Z,Jun 19,regular
36,Dior,For the Holidays I Want a Lady Dior Carousel,https://news.google.com/read/CBMiiwFBVV95cUxNQzFMSVVoUDUxUncwUE9xNmdTaDVhanBORU1rQzhOX0pMcHZmdVRZUTVsVWoxcl85eThqRjc1OWI1dkJDOEhJU0Etd0V5cXd2dUg5dHFmU0ZqeVBlTld1Tm9HWEZmSGdrLTBzY3UzNGRTMXZzMVFzdU1CaHZfSUhWWVF1Q0IzLUY2OS1J?hl=en-US&gl=US&ceid=US%3Aen,The Cut,,2023-11-21T08:00:00.000Z,"Nov 21, 2023",regular
37,Dior,Common Threads: The American Women Who Defied Dior,https://news.google.com/read/CBMihgFBVV95cUxNRjh3Umhrc3h1akU2RHNlRmtfVGlwUXZxODF5a3gxTU5BSkF1WHdhUHpURDlaV2Vlb25zZDNZSWJiUXNnRjZ1dUZfRDRnNElMY19SZE5XdkdtVkFWNkxHR0xVTVNwMGZVZEw2NjNGVjNrWG5INjZNMnRFQkpoWHVfOF83LVJzZw?hl=en-US&gl=US&ceid=US%3Aen,The Saturday Evening Post,,2024-05-15T07:00:00.000Z,May 15,regular
38,Dior,This $18 Nail Strengthener Put Me Off Dior Nail Glow | The Strategist,https://news.google.com/read/CBMigAFBVV95cUxPejFZUTNpOG13LTRhRXA5b2JyeFNxbV8tWXdCeURtUXVjYkdScXJZaFJDOUVxVHA3VjJDcU5mMEl3X1JTV1hvTU9vNDNtZldENUxSQnBjNGJXbkM3Y0lMU09DX1dZXzhvb3BOVnpxcnROOWRYd19tckMtN2N6R0xjYw?hl=en-US&gl=US&ceid=US%3Aen,New York Magazine,,2023-09-29T07:00:00.000Z,"Sep 29, 2023",regular
39,Dior,Dior Cashes In on Aspen Luxury Market With Dioriviera Spa Takeover,https://news.google.com/read/CBMiqgFBVV95cUxOZWw3RVpieU1jeXN6RUxFX3J2NklUMDJTd2Z4ekZzZlZoRHNteGRzWURQLXhtZWpGcmxBcndoa3NQYm1aZDJtdk4wQXJIX3lRd3R5enZHZXdrdkFkV3lIRkl6THNxZk5SRnMxWjVxd1pjLWVCN3JKUnZNclp5ZG5BMGdOWU9XcG4zeTZNQ0RKVEZtWnZUQUI5amFtaFlsQ09hNG95UENoSUVGQQ?hl=en-US&gl=US&ceid=US%3Aen,WWD,,2024-06-13T07:00:00.000Z,Jun 13,regular
40,Dior,"Rihanna Reunites With Dior, Officially [Updated]",https://news.google.com/read/CBMikgFBVV95cUxQQWVUYlVPZkc4bWxnQkRnOXZONW5kV3VXSnZ6NVc2WjhKSUZGNEZNZjRuLTljdlA4UGFNZ3lsSDVJTVRSRTJOcE1KczJFcmVmUDdMNVNzQlFGU3NJZUE2U0RSeTVIQ284M1hxWVhMM3FJa2R4Z1BPU2loR0w1RlpEQkdwR202QVBwNGN2LWFlaThmdw?hl=en-US&gl=US&ceid=US%3Aen,Fashionista,,2024-06-18T07:00:00.000Z,Jun 18,regular
41,Dior,"Dior, Armani Under Fire for Misleading Consumers Over Abuse of Workers",https://news.google.com/read/CBMiyAFBVV95cUxPQTR0czRmX2ZWU21XLWEwTmVvTXFJWjVXTEpzY2E1akFacldhcTJrYmlzMHZSU0dQTHV3OTlPNUNha0VnSzdxNkJIbW9PNjJTZUNvMmtkWk52bm13YWdxTWwyc1dlNVpKdi1GMm04dC1LOWRjWjJST1Z3blRDY3FCdy1Zb0RXOHB2WnkxTHd6THVEXzA5NFUwd0xZZGZReXpIQXZBWDVBVXE0aVlCX3o5STkzWnM5blVOa25oNy1ZNU4wWW5UY18zeA?hl=en-US&gl=US&ceid=US%3Aen,SupplyChainBrain,,2024-07-19T07:00:00.000Z,Jul 19,regular
42,Dior,Jennifer Lopez and more step out for Dior Haute Couture Fall/Winter show in Paris,https://news.google.com/read/CBMirAFBVV95cUxNVGNqUER0SlJ0TnJNUlVpNHF4YWxFUWJIU3NTSTJiRG00OFNiTDFsUnllRm1lTmNlV3g1b3M5VTlFRmMyZGlUQ1pHWmFLLUpvdm9DbGZqMkJUWnlsRWppeW1Dem44SHRsWjVRYVFEZDF0UHdKZWhtbXQ2cmhmei1RbHBmYjlJMnRDRlBGUVpZb096ZF9WWF81dVlpekRySEFBMHcwODV3MXpYdkhJ0gGyAUFVX3lxTFA3azFuYldybXVmSzRvRTlPUnp3RXAxZ1ZwNFBRM2p3VXAzTEFoYXl5Rm5lSkpYcDFvd1YzMkQtR0VrdjQtLVBfNlZ5NEFtLXBUdldIYXp5ZzNxS0k3UU1TelJBbTFrdFU5a1hpbWMydFdBcUh1UWEwYWN0ajRaLUNWaTdDdHgxajBaY1FNX1dTbkF4bk5JOEFQTllkX05LT3BISXc1bHlWbjM0S3lOS2NhNVE?hl=en-US&gl=US&ceid=US%3Aen,ABC News,,2024-06-24T07:00:00.000Z,Jun 24,regular
43,Dior,The UAE Welcomes Its First Dior Spa,https://news.google.com/read/CBMilgFBVV95cUxNZ1hDYmpwYUxFbTNJbXNTQXJKNXl3S2RTSTNQV05kUU90SDdvejlPR1FmQ2xVRW5iaUxvMDZ5azhwdUtIc3lTb2lZdGE3ajktZ0ZxM29hTmJUakxmZEFSZWFCVm1nT0FxOWd0ZG9DdUVka0N5dHJQRVJlLVBvd2hEY0g4V2ZtWXVjRVZXbTJzUmhmR2c2dVE?hl=en-US&gl=US&ceid=US%3Aen,Forbes,,2024-04-26T07:00:00.000Z,Apr 26,regular
44,Dior,Rihanna Is the New Face of Dior's J’adore Fragrance,https://news.google.com/read/CBMigwFBVV95cUxPbEt1LVpWWVNmeGhMbFRwdzdpSm1SVVJlUU92b2xUa090Vlhxby1yWUE1bnpTWE45T1MxaldCd1h6bHJPVFk5TU1zYk1HTGNoWEJUZHNGRm1xUlFCVnhtQjVHdnJXb0twUHNHRi1BNTktd2c2dzlhaW1WODF0V21vU215SQ?hl=en-US&gl=US&ceid=US%3Aen,Harper's BAZAAR,,2024-06-18T07:00:00.000Z,Jun 18,regular
45,Dior,How Christian Dior Revolutionized Fashion With His New Look,https://news.google.com/read/CBMiaEFVX3lxTE1Ndm1ldWozRWlBRERtMjJETHROMm12SlRMQl92WkF3LWxNSms0WHVfeEo5Zm16ZWpFT3kwbktiZnAyWU5VNC1oZmdBWkhqVnNiOUFBSlk0ZUJtaXA0U2d2bnlpRGc4TDdE?hl=en-US&gl=US&ceid=US%3Aen,WWD,,2024-02-13T08:00:00.000Z,Feb 13,regular
46,Dior,Rihanna is the new face of Dior's J'Adore fragrance,https://news.google.com/read/CBMilgFBVV95cUxNV19hcG4yVWFJdGJUVk5XM2Y0OXhza1E0QWUtSGVDNVFJRWhnOWJMVTZabjBXM3lFUnZiV0NFdXZfdzhhVnlWQmlZN0Y3SUZnTlZ2WElfV0daa19oZnB6TVJJSHpNVnk0bUhFYjNBUlJiaEVJV3pNOXZpTnlXU0Vab2w1UmdPZVBZTElHMW92TE43ZjJQUXfSAZsBQVVfeXFMTzZTSUdCNU1jdVlFdjBEelhGZF9jUG5vQnVtZjJ0ekFuUEluc0RfRjdYbkhQbUw1VEVGZFVsOTBabU9tekluTUFlR3dXRWdKRy04MDJ6Q00wMjY2SHYzWVNxMkN5X0IwRXltZlJiWDdCLUZXazE3VEVtT2dIVVYyTTZqM1RvNHN2Y3hwMXp4T2s3TDdseEprUGM4OUU?hl=en-US&gl=US&ceid=US%3Aen,ABC News,,2024-06-18T07:00:00.000Z,Jun 18,regular
47,Dior,Dior Presents an Olympian-Inspired Couture Collection for Fall 2024,https://news.google.com/read/CBMiekFVX3lxTE00UWE3Qlc0RTFvODBSVkwtdENMdkZjOE1OT21aMElTdUloZGJVUlR6WDU0MEQ3cHI3NUtkVWxMYi0zOGVQcWRWMElUcXBvUG5OZUstYm9CbnQ3U0lSNjlSVlo1LWdaa3RBYzF6dXNSWFRmWFdaX25TQm5B?hl=en-US&gl=US&ceid=US%3Aen,W Magazine,,2024-06-24T07:00:00.000Z,Jun 24,regular
48,Dior,Dior Launches $230 Fragrance For Babies,https://news.google.com/read/CBMiigFBVV95cUxQcXNnVHdTSVBiM0lxN1kwbHlNMEpPUzctaFpwZWpOWTdraENKSmdwbDN0RkFfX0NHWDdULUZmTC0zdXFobVR6bzRqb25BZ0pyOGEyMTItTHJPVGhLVk16Y1NZMXhjV1dfMXYya3RrUFRwVFV2cmozUEFJMmI1NGtlM09EYzBXWWZhZ3c?hl=en-US&gl=US&ceid=US%3Aen,The Business of Fashion,,2023-11-06T08:00:00.000Z,"Nov 6, 2023",regular
49,Dior,Dior Handbags Unit Under Fire Amid Allegations of Labor Exploitation,https://news.google.com/read/CBMioAFBVV95cUxQZlZtNHU4UWR5UVRPVE1xQWNURFpuOWJwbFJQTHN4T0ZzT1lFS0p2VXVKeEpVLVNkV3FGczNSemJ1eVN3Mm45Y09rOWdmTEtDQ21UVTJDeGV2SG44SXF3bHhWUmxya2hadDExemg4WkRnTml1WldWWktTWjJ4Sm95UnNYZlduV050MGZaT1RucU5KWUxGVW05ekNKX1hEaUlI?hl=en-US&gl=US&ceid=US%3Aen,The Fashion Law,,2024-06-12T07:00:00.000Z,Jun 12,regular
50,Dior,EXCLUSIVE: Dior Names Rosalía Global Ambassador and Lady Dior Campaign Face,https://news.google.com/read/CBMijwFBVV95cUxNaXJXMWluci14Zms1TWFkWGFLek83X0NDaUI3UFU3ZXVNTFlwS28zX3hUVGJTMUt2bGlPNmFpTTNlVGZXbWpxdEZKTnFleUtzQ2pTdklDeGF4NDc0b3Y5Vk1xRmhibG1qQW45bWxvRG14X29UOVZ2NlJWTThRS1RRcUhuZC1PZ1BaS21BdE1uQQ?hl=en-US&gl=US&ceid=US%3Aen,WWD,,2024-05-15T07:00:00.000Z,May 15,regular
51,Dior,How Christian Dior made virtual try-ons a luxury experience,https://news.google.com/read/CBMipgFBVV95cUxPejhUY1VWM1BZa1BsemlTcFh1d0Vod2NiVzgzQWtxZlBZZ19salFsY3J1OXZ1Qk9MNGJuaC1MNmVMb2VGTzlLczZHS0o4dFZDZ1RrdVhPbmZ6Mm4yOTAwdlpHRDMxR245YnFCV3NPQUxOaFZsRXFsekp4M0dYajB5Z3FiTi01TmFRaUNlWldxSUt0S3Q3WXFwaW14aTR6NG9wVUJRakZ3?hl=en-US&gl=US&ceid=US%3Aen,Marketing Dive,,2024-04-10T07:00:00.000Z,Apr 10,regular
52,Dior,"HRC remembers Brandon ""Tayy Dior"" Thomas, transgender teenager killed in Mobile, Alabama",https://news.google.com/read/CBMirgFBVV95cUxNbEtRcHN0cEs5S1lKWDRXVlN2cE5zaWJ3eGlYT2F2ZXVUSmNjOFpIQWNkUzhMLU1ZckQ2aGQxalVvV2Q1ekxiN2xjdWFLSFVRV0Rra21qQkwxSURaWHF1V21TZDdOQUg1MzhwVUVFSHNaTHJLMDB1RnFEZzFUUHN6aF9pQi1SNlBocGE0OVlMQ2xPeWt5c2EybVJqWkd5N2JUWDFVRVZEUWt5QkhMU1E?hl=en-US&gl=US&ceid=US%3Aen,Human Rights Campaign,,2024-05-22T07:00:00.000Z,May 22,regular
53,Dior,There's a Reason Everyone Still Loves Dior,https://news.google.com/read/CBMiW0FVX3lxTE1hanFaVlhpN05CYVlWdjBJb3FLOHkxQlFtYTJ6NjVlZWt3RHd4UXhJekpFY1RPQkxyaG5ldXU3cXlfYXNlRWwyVjBXLWlfZHd2Nkh6UXU2TENWUjg?hl=en-US&gl=US&ceid=US%3Aen,InStyle,,2024-01-03T08:00:00.000Z,Jan 3,regular
54,Dior,Spend a Whole Day at The Dior Spa in Paris,https://news.google.com/read/CBMiXkFVX3lxTFB3QXlOLWFOZ1RKVTd2WWZBYVl4d0REbWR4ZGswUGtabzBMNTFXOURXUzNKOHB4cjR5eXhGcE9yTXQ5TXlIUUlVYkxVa2hYMjJRQk5ITGJaaHVqRF95RHc?hl=en-US&gl=US&ceid=US%3Aen,Coveteur,,2024-06-10T07:00:00.000Z,Jun 10,regular
55,Dior,Christian Dior’s $57 Handbags Have a Hidden Cost: Reputational Risk,https://news.google.com/read/CBMihgFBVV95cUxNT1djbV9BUDBVRjNqSXdoRlR0V3oxRUFZZHNxTHNQQWF3NWdSOThDSWVaR3h2SUJpcHRyN0d6LWliN0IwRS1KOTJtVFZtVDV3Yy1SWGN6MlFsSXY5U0dOazB4Y0ttNXJBbnU5Uko4cDRpbW4tM3Z0Z3VzaUlZa1h6RzZHTHdVQQ?hl=en-US&gl=US&ceid=US%3Aen,Yahoo Finance,,2024-07-09T07:00:00.000Z,Jul 9,regular
56,Dior,Exclusive: Dior fell behind on UK's supply chain disclosures,https://news.google.com/read/CBMixAFBVV95cUxQMHh0cWlVdE9IcjNWcXh6dXdiVDBkb29MeVozeWVTVnY5U01waTRDUGhUVVFZNlRIcVFEWlA5S1N0bjRhUWJva3VQRkRfVjNPZ2pzbkhRaTNtaGhTWlZvdlJINUtocGVkNDJBU2Nra1lzMU1Vekw4ZkRmdFUzNng5LV9TZ1I3azNycG01NVRXVGNVRnhIQ0ljWWF0RTkwWlliTmpRQXNoY2R3a0VUX1ZiM0VlcG03bEZ4ZUVLZU1keURFNHF1?hl=en-US&gl=US&ceid=US%3Aen,Reuters,,2024-08-06T07:00:00.000Z,14 days ago,regular
57,Dior,Dior: Celebrities In Dior Creations At The 2024 Met Gala,https://news.google.com/read/CBMihwFBVV95cUxQVW9oVmhDb19jYW9reUo3dVVNQWc2QWtXekVuQ2dIZ1AwMnF4WlFyV2JxUEtVejZER3lSUmQ1YUZvNm9SUzEwcGtfZy1TZ2plc1dzbExfR0NjTEJkQy01U3JwU1dQSzhBUThUVHZrMXV5eFdtNjRHMUdoXy1NbnpLMGZScjZQcFE?hl=en-US&gl=US&ceid=US%3Aen,Luxferity,,2024-05-08T07:00:00.000Z,May 8,regular
58,Dior,Model Kelsey Merritt Attended Her First Dior Show at the Brooklyn Museum,https://news.google.com/read/CBMiZEFVX3lxTE9FWGtNU3JNV2ZkTTVCbndCY2NjTzRfRGxnaTAySXk5SVhKcDVSaXlObXpyUm5fdGVidDl5MXF0UFphbVBtZ3hrY0c5bVhzNGRqVjBkc081T3FsRjRWNzRFMjcyYlc?hl=en-US&gl=US&ceid=US%3Aen,Coveteur,,2024-04-17T07:00:00.000Z,Apr 17,regular
59,Dior,EXCLUSIVE: Robert Pattinson Stars in Campaign for New Dior Icons Menswear Line,https://news.google.com/read/CBMiwgFBVV95cUxPczhacDhRbnFFVkw0SVcyV1RCOWRvRGlOZ2dnUUFsUUVTSkMweEQyVFdLVG5CRzlYRzJ1ZVdNbDctMFlrYjZEVElJUU5CTFJxdURHS2FRQVVQYjYwbjlrRkhjMjNPYVRKREJBQ3VDbVhKb2s3bWhqWjIwcVZ3b1RvNGJTbDRqNVpVRzdvQlV1N3BRSkhTTU1Wa0w5eEktc2tRLXFFd2FObVNPOHdDNDBpT3hudHlGdW5rUVZ4TERvZnZkUQ?hl=en-US&gl=US&ceid=US%3Aen,WWD,,2023-10-27T07:00:00.000Z,"Oct 27, 2023",regular
60,Dior,"Dior paid a contractor $57 to make a bag that sold for nearly $2,800",https://news.google.com/read/CBMiqAFBVV95cUxQb0lHS1NlNmhSSndaSmNuLV9BcjMzSTZwRmF0bXhxaTBsdzRBYU5MV1c4VW9HUEczbjBIYlMxSEd2ZFRSdVg2OE9DdE5jMkZ5bC1ia3hTT1Bwakh6S29DNDFqbnVDMkxtQ2RCZmlWS05VRWoxaXdmVWRUcXA5cHZkSzRYZWc4YWJFVlVBckdXWW55SmpUQzVDZDR6WWZ3SFNUbng3eHBocXDSAa4BQVVfeXFMT185X1NZSVRib2M0OVNxVnlBZW1icGhEN3F6MHE2bHpuc21YNG40RVMtU2hNTm9yWkprbXg0azV1U0ZLbmJUdmtxN0xtQTRzNWd6bGROWVBGTlpobUE0NnlQNW54bkJTTHR3U21BdnFUdFFYZkpvaXREUDNBaDNDaHZiYWFEZXUxOHlkMXFROHlrYl9TY0J6ekpGb3BKZlM1LVVOdFBqM0M3Rm5vLUhn?hl=en-US&gl=US&ceid=US%3Aen,Business Insider,,2024-07-03T07:00:00.000Z,Jul 3,regular
61,Dior,French Actor-Producer Elsa Zylberstein Prepares Christian Dior Biopic Movie (EXCLUSIVE),https://news.google.com/read/CBMitgFBVV95cUxPRUo4Q1B4SFdFbnA1T0RYTG01U0pwX0lPWkU1a0xQb1RTSzhFSU9lZjRNNnAxVzZObkFPZ1ZHeWNIVjY3a2pMRmNXSE9FVkh6Ynp5eUFpZXBqaTY2LTVkTEwwWEloNkVINTNZNEdZaW83akJtYVF1QnhkemkzUE8wZ3hPaElzV0dISE1JbGY4TldOMF9pX1h1Q0NMdEEyOVRFd2xmNS1sTFk3WThxUUpGYmlwdE1LQdIBuwFBVV95cUxQU2xtMG1JbFBDd29SU0xvSHBsRFJUdUtxVlVDbnFCV2tPdGRSc0dobnhtRHJrMzZGSUwyWnZvWjhYdkJpY0RMVWpRa0NIdzYzNFc5TVMtdlNEckM1U0dnNUxXWDFsQ1NWeTE0S2xFUi05TlRIMFBGbTZhQTVxYWhrZ2dvMGkxYmh0S0h5M25VTHJnWTRIR2dudW9wdjVXMHJNZm93NU9QVjNjYjYtSFQ5UnFzWE5vaWhrQlRN?hl=en-US&gl=US&ceid=US%3Aen,Variety,,2023-09-03T07:00:00.000Z,"Sep 3, 2023",regular
62,Dior,"Marc Bohan, Designer Who Oversaw the Dior Look for Decades, Dies at 97",https://news.google.com/read/CBMicEFVX3lxTE5rNVpYZEU3NE9xazNja2MxRkRaOGh4bFdQUFZ4OVJtbW1yZks1QnpCTXI4d1NIcDhHQmN4NUt5QWFZU1lsRmNmSDRRMVRfQ1Z4R3hoa0lQR0hOT3V3dFpnTy1uZTByczQ5TU5vM0JGYnA?hl=en-US&gl=US&ceid=US%3Aen,The New York Times,,2023-09-10T07:00:00.000Z,"Sep 10, 2023",regular
63,Dior,"Armani, Dior Investigated by Italian Watchdog for ‘Unfair Commercial Practices’",https://news.google.com/read/CBMitwFBVV95cUxNWHBnLU1rSDNWbEwzMnczbHplUG13X0hYWDdlWF9YRXEzYURNY1U5ZDFaMUpnWm1PcUpYblNsc3pqUE9pbC1WMW9WZTE0eEJvOGNRSDcyZXJjd19ES2hzRkdZZWhTSGxoYW1lbWozbXZGS1F5MVpLUlJBU2pTTFpscE1xTDZYazdUNDRFWGNOcDZPRVR0d1ZfZi1mWlg2LTNqWU5qbFBTLWZNakFXWUhXd3liRW1BRTA?hl=en-US&gl=US&ceid=US%3Aen,Sourcing Journal,,2024-07-17T07:00:00.000Z,Jul 17,regular
64,Dior,"Italy antitrust targets Armani, Dior after worker exploitation probes",https://news.google.com/read/CBMi0gFBVV95cUxNcUtDLTVxUVIzbTZOT0tTWEtwRlljSlB2TlVXXzdoTE9fN2daM0JXU1A2U1d2WlZMeVVkaXNHU3o5RldwQzZXbzNqQm01UjNnTVk0ODVnUk93U2I4NjJzSGJRLW9xTElYM0tvZnIxeHZ3NzlJcG9RNkJJTGRZcVlBWHlNVy11TWNrcjRkMlpiaDRzVWV1eHFFLVVBQlNmaGF2UG50V1hqRjB1ZmdRRUlZYWVfVEtwUFdZVTRNM01rSmtwU3FJenExbUsyY0kzRHBoYWc?hl=en-US&gl=US&ceid=US%3Aen,Reuters,,2024-07-17T07:00:00.000Z,Jul 17,regular
65,Dior,"With thistles and tartan, Dior pays tribute to Scotland in cruise collection",https://news.google.com/read/CBMisAFBVV95cUxNMFZ1bUFEUk9qRlhVQm0zeHZnc2RSaWRVWVdnWFRlNDl2eTNKelRwZGNEb3lWZEhRSTNiVnVXTDlQWFBTRVZMcW9DX05fRjFhSlU3Mkg1RXgyUlZlLXVpMmx6QUZaY2tqc3JseDB5SWZJZ21rT3pFRDNlbVY3akJ5MFFTcDNBMzd5MG5xaFB4VkpHQWFOMkstbEhiNmxBQkd4LS1kbGlROXNKOWJOM084MQ?hl=en-US&gl=US&ceid=US%3Aen,Reuters,,2024-06-04T07:00:00.000Z,Jun 4,regular
66,Dior,Dior Fall 2024 Couture: Going for Gold,https://news.google.com/read/CBMieEFVX3lxTE8xS3U1TjZjNjhZbXFzQnBEM05RcjVYbmRlWkkxdnNjN0VLRlAyVm9jNjQzUFNJajVBajFCT1dZdGFMM3FEQzdXNTh0czZtZ1ZmYUhWZ3FoRHZjaDhocElKazFQTFlGUVQyaTJjR19SUlN2TEY3MEVNNA?hl=en-US&gl=US&ceid=US%3Aen,WWD,,2024-06-24T07:00:00.000Z,Jun 24,regular
67,Dior,EXCLUSIVE: Dior to Show Men’s Pre-fall Collection in Hong Kong,https://news.google.com/read/CBMitgFBVV95cUxNQlA5bUpnM1pBM0RYTkpBUHEtQ2JCVkxkUXJ3SUhiNTZjRWRDSkRXSTZRUEF3SklWcldqYlNMazhoY2p2OHVOU2lTU29NSnBiTnVxMHp2QlVudC1HNWRDSFFDYUVaWlRXc1hxOS1NN1hnMFc2Q25xREI2c19ueXZsdWd3RTlIVmtiZ1pCdi1QcFg1cTdTU2ZhX0MtVS1yOGx3d0xXSHNkd1BITTNTSUpMbVJ5ZXBGdw?hl=en-US&gl=US&ceid=US%3Aen,WWD,,2023-11-27T08:00:00.000Z,"Nov 27, 2023",regular
68,Dior,Fashion giant Christian Dior sues Springfield's Café Dior for trademark infringement,https://news.google.com/read/CBMiyAFBVV95cUxPM0V2SjVoLWEzMm1ZdDdFRTNVOFN2dVpaVHo0eGVpM0RVM3hMUGNoWUpTRFJGd0U3RDlKRVJVTFdSVG9EaFBhdngtRFdKWTdjZWVFRTZPdE5lbU1pOE9kR3R4bXh2TWxscDk3Z00tYlo3S0xSSnpUR2luQl9mVWtIZGM3SmNuZzNtaTZTX19tRnVxc3YtUGhFTTRNb011eHkxUGxNUlFyQkVkUk96WkR2MDMzSEowR2I4ZW9NZUY4OC1NZHlfVjF4Ug?hl=en-US&gl=US&ceid=US%3Aen,New England Public Media,,2024-07-30T07:00:00.000Z,Jul 30,regular
69,Dior,Dior Cruise 2025 Collection [PHOTOS],https://news.google.com/read/CBMingFBVV95cUxOOERiUzhfZWJWblJFVTVDRUZCZEpyTUJ1NDBGcnROQ2wwOUJONUg5TlVEOG5ydGR1eTVFdllUZUtRWGRBLXBhRmVjNGdrdUowZktwLVdqWnM0djY2eTNXRTdEeHJfS2Nac3VuVEVVUmFrX0xMUG9RM2FZMUM2SE0talpRWER2Y3dnbFE2cTlhbzkwaDNPbDJKc2loc3J3Zw?hl=en-US&gl=US&ceid=US%3Aen,WWD,,2024-06-04T09:02:24.000Z,Jun 4,regular
70,Dior,‘The New Look’: Ben Mendelsohn talks the unknown resilient story of Christian Dior,https://news.google.com/read/CBMiakFVX3lxTE9LT09vUjR0dHRqdm1iU0lCZDdEVHpOS2dVMnJyUEh0d2t5U1N4UW45ak9TOXRqOHZlYmRIV0xYUkFUSkNMTlhHcVV0dEExWk9mRWdBTVAwZ2o5UGI2RzcwUVljZ1FFT19NdUHSAW9BVV95cUxOR1B2djdCSW1INzJ0UXhYZF9uRTJTc2VuYmZYdXExTzBKYWlrXzRtcTdEbk52M3hfS3NmUTFLa1RjR0ZrQkc0dDZZbjFoNlMtblZyNDhxVkFIZUlIWGdJb3dLTUVBWWh0b25Za0l1a1U?hl=en-US&gl=US&ceid=US%3Aen,Metro Philadelphia,,2024-02-15T08:00:00.000Z,Feb 15,regular
71,Dior,EXCLUSIVE: Dior to Stage Gold-themed Exhibition in Beijing,https://news.google.com/read/CBMijAFBVV95cUxOc0drdmtjUUdGS0ZSY2hralJZOTRuMy1JdnU5WHFrS2x3RGdpX1pmcUhNQ2ZDTHlwTW1NelBSOXBiaFBBLXczNWM5MHdoSEcyT1BROWRfYk5Td01uc2FadDlCeFRiWTN6VUZSeWEwMXhKRDgwWE5INzBGWXhJWldEQWN6Z3o3dmNZekxWVA?hl=en-US&gl=US&ceid=US%3Aen,WWD,,2024-07-02T07:00:00.000Z,Jul 2,regular
72,Dior,‘The New Look’ Cast Reflects on Chanel and Dior’s History at Premiere,https://news.google.com/read/CBMigAFBVV95cUxPbi1JbnJtX3E2VUJibEVfZkZ4dkM4Qm5IUEhVVEFuOERjdjJrbkJjd0Fxb0l6VFJEVkswQjRPOXNXVUVtaWluZkQwR1hLb2ZKUmNKQVR2Ymd6VVVQdWFzWC1fOXJUbnlJQTdlMURfSElZUlBnR3E4bU1YamMzVW1acA?hl=en-US&gl=US&ceid=US%3Aen,The New York Times,,2024-02-21T08:00:00.000Z,Feb 21,regular
73,Dior,Italian Court Reveals Dior’s Unethical Supply Chain And Puts Other Luxury Brands On Notice,https://news.google.com/read/CBMi2gFBVV95cUxOclprUWdyUUZzTEtWOW8tWllJUlRmU2xxSDJwRmdfdVEySF81cktjLUd1M2NkRGRvV1V2eERlYk5tN2hHaDNsN2FkenNna1R4RXJoLVhRWFJtQmRmUWJaRVl4dWlUc2FWMlVhS3RlVnR4R2tjeTVYcER3ZGdoTmIyQ0VZUDI4LTNKbTd5LUwzMmprQ0NPZndmTC1xYzItME92TUZfc2FpVU9XTURYZU05UmNvYy1rQnc3T1ZfNGZXXzhvN3dpTzlfOVBuaXI3aTJyQXd2YkdWTjJCUQ?hl=en-US&gl=US&ceid=US%3Aen,Forbes,,2024-06-24T07:00:00.000Z,Jun 24,regular
74,Dior,Dior’s Youthquake Is Headed to Harrods in London,https://news.google.com/read/CBMimgFBVV95cUxPTTIxNFVtVU1GM29YQjVic29zQkNlOG1BQnF4Skx4c1o2LUh4N0Z2bUVwOXhQMjRiTVRRbnhfM0g1VzFtejNNZjBOT0xlOUVFT216SWNFQ21JMTBHOXlwUkJtOENsZk1UY3lzUXppSU5HcEhlVWkybjE1Slo5R3dXbWE3VV9rU1FiX1ExWTE3cHJadVdSYjNaY1BR?hl=en-US&gl=US&ceid=US%3Aen,WWD,,2024-07-12T07:00:00.000Z,Jul 12,regular
75,Dior,"Iann Dior, I’m Gone",https://news.google.com/read/CBMiY0FVX3lxTE02el9kNGdNU2dyYW10TEluR0tVSnZyZXRpYmY4TDR5UTBLV1h6bHpmb01IdWh3ckt5aFVNdXVoWXJVM0hlRk41eklBaktQZVN1VGFOaXJqX05ieWoxTkl2LWllMA?hl=en-US&gl=US&ceid=US%3Aen,officemagazine.net,,2023-11-03T15:21:35.000Z,"Nov 3, 2023",regular
76,Dior,Armani and Dior probed in Italy following worker exploitation claims,https://news.google.com/read/CBMiigFBVV95cUxPWWRISkhSZjQ3VFNnOFhPNGctMkVmUDlZRXNTajJpd1hDX01GYWVXZU5JTk5LOWdzMXY1cFR2X2IyNFhNc2F3TWlySWd2UWNOS2ZIYnAwNF9MUlRxa3pMYkRxcWRjRHJndHFsVHZpRHNWSXdBQlZRX0hlMURZb1RWYlNueGRRU01CYlHSAYABQVVfeXFMTzd0ODVDcDJBWWprbHhtRnlJVGtQdnQ3Skw3ZUNESS1rWjJsYzdjU1ppOW5PN0ZOaTVPRHlRNjdlYVlDNWhJU0dfUE1RMWdncnBXTjRpcl95Mkd4VHZsSjl2dnMxczY2WlN5U1JzX0x3NzNVTUMwR3liNWxHak81d3o?hl=en-US&gl=US&ceid=US%3Aen,CNN,,2024-07-17T07:00:00.000Z,Jul 17,regular
77,Dior,Dior Hosts Dinner in Celebration of Judy Chicago’s New Show in London,https://news.google.com/read/CBMizgFBVV95cUxPS2hXWHNJUnBHbXBSWjRMdFlMbElySHRNb2JiLUVkcVRvOGJzemVhaFlIZnZxcHNDdWtIRWVnODllSFhLQUJaOGxqcG92b0xMWkJlbll4cWtlNVhOQy1LTWViREtmY1FaS0tCVHI2NlJzTEcyUy1qZkpob2ZDRDZNbndGNnM1VUxBOWpDOE5wdml0b3VhdmwtUXNDUkhRZjM3NEJPM215TXpHd2dWNHVPWDYyTy1EVXhLREs0ODJDc1RQeU1yLU5lWnZqeG5JZw?hl=en-US&gl=US&ceid=US%3Aen,WWD,,2024-05-22T07:00:00.000Z,May 22,regular
78,Dior,"Christian Dior, the designer, sues Café Dior, the Springfield eatery",https://news.google.com/read/CBMitgFBVV95cUxQc0duNmFENTI3a0dTYnZWanB2ZjQ5YjNhd3p4MWwta0JRVllhUmVlLWVtbkRIbExvdzlMYnJIQWxtTmJ2YjRVU2lIVldHSGlXNFpJazFrakNYdUUzTTBCTEhlT0FrSUNscjZSVTlVM2RqMVVzclExSlYxNWQ5aXZBTzZRMklsMDlod3N6cUlLZ2pLbVU5MVhBZjBkOFlfQkF2X05QZDd2a2hMZVFMZnBQb2pYb2pGQQ?hl=en-US&gl=US&ceid=US%3Aen,MassLive.com,,2024-07-30T07:00:00.000Z,Jul 30,regular
79,Dior,"In ‘The New Look,’ It’s Chanel Versus Dior in War-Torn Paris",https://news.google.com/read/CBMihwFBVV95cUxNZkNZSWJ3V3c5dVBocHlOcTZNYVd4NGJzWTQyZE1nM2cyMTJIaWl1Z3VuVHkxMm0tVk5MT2tpdEZValJBcnp5TndQQ0NmdVd0SWQ3d1ZsaEpWZGdRSVRxemgxUV80NkZ0OUQyQlNXS2tJWV9IMEJpUkE1ZnlQaTVma2hjQUpITVk?hl=en-US&gl=US&ceid=US%3Aen,The New York Times,,2024-02-08T08:00:00.000Z,Feb 8,regular
80,Dior,"Apple TV+ shares a glimpse at “The New Look,” new drama series starring Emmy winner Ben Mendelsohn as Christian Dior and Academy Award winner Juliette Binoche as Coco Chanel",https://news.google.com/read/CBMitgJBVV95cUxPYWt0SDdWRk1jY2JkSGVPU1cwSFhKRzFwcVcySGNJZENRZ3pyWVU3VWtzSThtb3YtRnVudHJ5YzlLbDdJb1hUQzdjbURjZUJKdEFiLUswUU8tQm5zVHNqakcwcjBoUGJSYmlSOU5VRWI3VVZWR3dpSThxMlgzclYtV3lOVFotN0JsNHVxV1phdm9iU0prV3RaejdnN1d3UXNvczhYOGY4SGpkQUUxdDNRN0V5aUJ2OFBDNUxEUXRpYjdSNVFnbU9oV3pobUh4TzluZHBDTWxwT19VaEhtTzAxb3dWbHduM1RDTEswRTdRc1pjampnTGNfMTViUnE2ZkZfMk9HTFV0TmQ1V2staW1aRGxqQm5vREhLTnVZVHBUY0lTNDBsWlBCalU3OEcxVlJ3VXFrb3dn?hl=en-US&gl=US&ceid=US%3Aen,Apple,,2023-11-15T08:00:00.000Z,"Nov 15, 2023",regular
81,Dior,Why Kim Jones’ Latest Dior Men Show Was Uniquely Personal,https://news.google.com/read/CBMiwAFBVV95cUxOWVNmaVRMTjVzQUtnZzdDM2ZpR2xiTWJXajdFMDZpMkc1QXUyQm5JNjdrQ0hEXzNMLXdqbVlHX2xHdHI0RTdlaE9LdEJ3NzBlbDdWZVBJS1BXSkdfdVZMbElnNjhqcTl5ZDNVQ18zTEZpa3lsU2xUNGhsVEMwV21QYW1RX2RCMWE1QnQxOWdWRU9uRjZlaUFwd2J4eWMxcGpPUmZXOWdRZTVRQ25OT1pTLUJVWmNLTWg3MEY4WjVpTlA?hl=en-US&gl=US&ceid=US%3Aen,AnOther Magazine,,2024-06-24T07:00:00.000Z,Jun 24,regular
82,Dior,Dior Pays Homage to Faith Ringgold in Runway Show at Paris’s Musée Rodin,https://news.google.com/read/CBMioAFBVV95cUxQNzJ1bDliWWNQRjVhOUg3R1BxVU5VTHVUWGRYTlk5cU1vdnhWUHZfNF9iVFpxV3BiTTVrZFJfWWdZZnhMdUFHbmJzLVNUYi1RVmFvbnhwdERxV1RhUndRWDR1Y0JtcnE5SDlBRXEzLXRybkVzeEV5UjZyQnpsemQxb2pvS1hGRWw0THNsZl92cjljZUFkNmNyRjNfUEFwUXFE?hl=en-US&gl=US&ceid=US%3Aen,ARTnews,,2024-06-24T07:00:00.000Z,Jun 24,regular
83,Dior,LVMH's unit put under court administration in Italy over labour exploitation,https://news.google.com/read/CBMizAFBVV95cUxPNTl0ajZMZFB0QWJ1Wi1kZWdoWVQ4RGt4STZyd2dBOWNJYS1YVFk5azZKc2R5ZUwxUlBvYnlLSVN0QnNIYlFHbll5ZWtTbW9mZ3pJQlJCQUltelVNR3lJcGppM3ZhRDk4bnlaQVRGUnRRa1I2Nng3cndlUWxCcDBMWHRqMjRKdlIyUWVJdmxtS2liWFY3NXNCVFdGaVZGV0FqZHZzX09RTFBFc3pDRzlZZEtaUjBUZjBncmNCSFlwRmRVTVctOVZjeUQyM3U?hl=en-US&gl=US&ceid=US%3Aen,Reuters,,2024-06-11T07:00:00.000Z,Jun 11,regular
84,Dior,"With Its Latest Collection, Dior Manages to Blur the Perennial New York-Paris Divide",https://news.google.com/read/CBMigAFBVV95cUxQa0N4dkw0TVhWOWQtZWthSDV5aFlyNk92TThXR25KdWwzd21BUWRzaWlWbXhvQldYdmF4bVc0My1GSHg3UFhCd193RnRDUWNzaXJSVHcxTTNWejFybXRYT1I0Z0hNS2tvM1FVMndKbVRlWTFuQ2NtUkl6WG9MX0tpdA?hl=en-US&gl=US&ceid=US%3Aen,Cultured Magazine,,2024-05-09T07:00:00.000Z,May 9,regular
85,Dior,Dior’s New Accessories Have Chic Summer Travel Written All Over Them,https://news.google.com/read/CBMioAFBVV95cUxNWTF0NTBBcktHbm1BR1dTM19pb2Z1UmJwQXgza3NnZ1Bsa0t6bTJUejY2ZTd2RHZqZHBJN3lTbFI4ZlViZkRSOVg1YzA2SUtoZERSN0VNVTJUQWx4WWdiRXZuNVdxX09RdDBMNHpoZnNWVU9LMWdPTi1aTGtacGRGRF8tbjE4RWZaTzg4UnNBWktjLUdjSXBfUFNlbVVuN0lk?hl=en-US&gl=US&ceid=US%3Aen,Esquire,,2024-05-02T07:00:00.000Z,May 2,regular
86,Dior,"Dior Johnson, the well-traveled, formerly highly touted recruit, commits to Johnny Dawkins' UCF Knights",https://news.google.com/read/CBMi5AFBVV95cUxPSzBvanQtNjhHSDd6amFaNl9EaXk0QUxSeGZKS19OeEJzTlBMWG9oTjhZbzV4aU10SlZjUHMzZFFxT2RZa0VZTGlLdElSc3dxcWtiZFJnTFgxR3NzVXBUcDU2VVozOGlFRW84WlhMTktLOU1ucDJhNUQ2eHg0WjFLWWpSazBuN3dkaG8zR1UyaDBlc09XVzRuOXI4MWtTUHE0SDdaTHBIbGVGWUFfU3VTQmlzc0tiWm0tRUcyajI1ZnY4WWlybTVDQ29RSjJ2Z0tCNzNXZ3ZhS0JNcVNPWE5tMldpeFnSAeoBQVVfeXFMTXhsQmxsamFScGQzYkRkUnlQeGU2ZmRFbVV3QXlJbURGZ25FWWxnb2xhQ1RjZjZ3NFBfdFpGQk5kTXVPdFduTXA4MFpOZUpMTHJRS2ZrbWkweWdYbER0Smt5M2NXaVZJNnBRcnEtX2VnWnd5YnJzTTdEeG5uZDVYUG1rb01GdVpGck5saWFKMlFZZ19iMVlDQkVsVzYyMmJlaHQ5VmtkQmQ5VldSbXNjSUJMTkJrMTctWFhaN0RYRllfc29pbXlrWWt1S20yM0xhTWs2N0FXX2R1MTNfY0Q5RGVsZGxpMUJTWjBB?hl=en-US&gl=US&ceid=US%3Aen,CBS Sports,,2024-07-02T07:00:00.000Z,Jul 2,regular
87,Dior,Apple’s All-Star Christian Dior Period Drama The New Look Is Bafflingly Bad,https://news.google.com/read/CBMiYEFVX3lxTE5yZ0toNjVxeE40Ty1lWHpJSExnSE92SzZhUGR1NWZra0t2TnlnZEllbFNmcWkyOU1wdzFWaTE4VmlZc0N6c1F2QlB5akYzeGpFaGNiZFZqeGxKQVg0X3ZhYg?hl=en-US&gl=US&ceid=US%3Aen,TIME,,2024-02-13T08:00:00.000Z,Feb 13,regular
88,Dior,"Dior Marks Harrods Anniversary With 175 Limited-edition Bags in Lime, Orange and Graffiti Print",https://news.google.com/read/CBMiswFBVV95cUxNMUx1ZVMtd3p4Rl9tZHJaS2VkVWxqUlU2eW4zNDZoM1FGQnViSVMyekpicEwxQzB0Z2JnbDVKTHhLVXB3WjBROGFwUTExZGJMU2VQYVhBcGxqQmZEMHg0akxscUtjYnMtSFo5dGhiQ2NnSXFWWHN6R2ZvdHpIemV0eUlmUDEtS0VjMll3RHM0eTZ1aWpPLWVSb3pSWG9VTTZVcmhoVGhSWVpuNzcyYzRaSHpFaw?hl=en-US&gl=US&ceid=US%3Aen,WWD,,2024-07-31T07:00:00.000Z,Jul 31,regular
89,Dior,"Tinx, Jennifer Meyer, Rachel Zoe Attend Dior Cocktail Party in Celebration of the Dioriviera Pop-up",https://news.google.com/read/CBMijwFBVV95cUxQWFNqbTNxbmV1NHJLNTg5eHBkSFFyWlpFTTl1dlYwOUFIeWJUTW9YQjZTWEVBOHBqbkpjejZkVkhXc0RoQ19qaXpkZWtoeHZwc0JpbkdBRm9jWlEzYWk4dWRxSzBVRzRid0ZzMUNQRTdrMmxOU2p2QzZPMDJuU2dxNkdCSnN3THBwanRyTUpWdw?hl=en-US&gl=US&ceid=US%3Aen,WWD,,2024-05-31T07:00:00.000Z,May 31,regular
90,Dior,Dior Cruise 2025: Capturing the Castle,https://news.google.com/read/CBMinwFBVV95cUxQQnMzQnk1U2xiV3lRdTdmUlJWT3dHOE1BNi1EdDJBdE9LUTJzbDhaVXlBeEZpbjVPNm9oUWlOendRM2ktNHM0anlYTVBoS2huRUlySTJuWG1zVGtWVzJNUTJPTDJ5SG9YOS1JQmt5MUd5Y0xpeEZGLThxcWRZdVRwVktxUU5xSXJKYm41ejhlRHhIZEF6LXJ6SGpGdlpsXzg?hl=en-US&gl=US&ceid=US%3Aen,WWD,,2024-06-04T07:00:00.000Z,Jun 4,regular
91,Dior,"'Dior bag scandal' lands South Korea's Yoon, ruling party in disarray ahead of election",https://news.google.com/read/CBMixgFBVV95cUxPSXRWT1FHamI0TmVHY05oVEt4NGRBVk5zXy1rUy1ieFpkZldramJtTUFPdlJwVE5pXzhNVUs3UTFBa1Z3UjJrN0REd0xtWnlfUXVBcnVEbkc5cFRpYlhvaEM0ejVWSUtDbTdiQmZjWUdUeXhoeTZEOVQxU0NSdDItUWFuVk9BLXFOWGp3YmNwaVZTcEt3NWREcFh4YjNuZi1jbHA4VXkwcXFESVJ4WWtQcjg1UjQ1OUJic1Y2emREZUZ3Qkw5ZGc?hl=en-US&gl=US&ceid=US%3Aen,Reuters,,2024-01-23T08:00:00.000Z,Jan 23,regular
92,Dior,How a Dior bag shook South Korean politics,https://news.google.com/read/CBMikgFBVV95cUxNZnZ5VG1wLWozSkxDRUF2ZVlBZmFzbDgxemtZZkhzUzd2cUR3eUNqT2VCYnFkNW5vVXpvb3BXMmxSUlhVSmJoOUNodkwwaHlyaWVna21SRXIwV3JrLXpVX3d6V0lQRGthVTY0M0hzRzN0Ymh3dWdWYy1QODZ1SEtSZmNDRTN2SHB0UlpGTlhCbERLUdIBiAFBVV95cUxOSVhsdXFHMDNnSnlWZFhPWU5rLWxVU1RqZlZLM3RvS2x5ZTBFb0JPb3JSMnc4ejJURnRqdDhuMVVMZEd0V21aVmkxOHF0cnNxZVBXdUJoT1Z6cE84SlEtM1Y1eW41SnVXejRMNXNUbkVjY1NQMDVNd3RrbkNpS0pTZjhpSEk2TDdO?hl=en-US&gl=US&ceid=US%3Aen,CNN,,2024-02-09T08:00:00.000Z,Feb 9,regular
93,Dior,Dior’s Kim Jones Designed Costumes for Ballet That Premiered at the Charleston Festival,https://news.google.com/read/CBMiigFBVV95cUxQVU1JMVNiSEM1My1VTy03U2hYUmJWdVJMbUZiemdfY1YzNWNITmJjNkt4SVZieTk2bHIyTEhqbnpmTEdOa19ENjNSYW5mTURCSWxCVXllQ1NmVV9Qc1BlMGtva1BDSnl5RDRjLU5ONzI3UVdiYWdSZ3RhMWZpWEMxVDM1eEkwc1NkZEE?hl=en-US&gl=US&ceid=US%3Aen,WWD,,2024-05-24T07:00:00.000Z,May 24,regular
94,Dior,Baby Dior Scent and Bath Line Are Set to Relaunch,https://news.google.com/read/CBMilAFBVV95cUxNckpQVVAzU1E5QkpIZWVId1U1dDB4aXhXT25qSEJpa3hDX3RsNHRDQWNSbTZBOVBhMlV4TDJFaXY3bmVTN2h0NzJuR3llTjBNUk9GcWNPbFFUTXVPMWctd0J5SWVteEZ0Nk9EMHpQODZmREJVclFJaS1haXlYbkNIdE1HMFJnZ1gzR3R0dUxvY2dkemhN?hl=en-US&gl=US&ceid=US%3Aen,WWD,,2023-10-31T07:00:00.000Z,"Oct 31, 2023",regular
95,Dior,Celebrities Front Row at Christian Dior Fall 2024 Couture Show [PHOTOS],https://news.google.com/read/CBMitwFBVV95cUxPV3MxeVYzb09CVnI4UVFTVWFIRnJFNUVBOERscXRFMDdMNlBFLVNicXpBbUFGZ1ZscVh5bUhKaGJPUXk1S3VVR2RuZHd6N0hhQ29RVTgxMXduVDdVcmN5OFlYb3FUd1ZjYzNZYlBqVGFIVjVYc2NvYi0yd0VNNVEyOWJyLV9Ib2FETS0zYVhvQ2lNTG9CUExTQkR2d0VIUnlnNUdwNl92V3prSDRpOWNpTVNyR2xaUlk?hl=en-US&gl=US&ceid=US%3Aen,WWD,,2024-06-24T07:00:00.000Z,Jun 24,regular
96,Dior,Rihanna Returns to Dior,https://news.google.com/read/CBMif0FVX3lxTFB3S3Fpc2JmeXZYR1lzMnc0RFo4dTZ5bHU0ZDlxWFhTRWN5dXp4OTJwQXdSY2ZKQnpoZmZ5aWJsRE1QWS01TGllUTRHaXVDdmlUZDczX3JpSVE3a2FjbWYxbWZTSk9JZk1Cd2FxUVBrYlFjNDk2TllrbG9nenhXb3M?hl=en-US&gl=US&ceid=US%3Aen,The Business of Fashion,,2024-02-21T08:00:00.000Z,Feb 21,regular
97,Dior,Charlize Theron Is Now the Face of Dior High Jewelry and Skincare,https://news.google.com/read/CBMiwgFBVV95cUxQQ1kydnh0TDM3Zk9ialZpekJXX3pVU3Ztc0RPQzJ4djF5QVhPZDlmY25hOU9BWERvY2h0MVVkbkl6cjJfRXE2S2dRc0FuS3p6bVVHZTFWNVU4LUhqbEpCTzdSMG03QVFTR01lQWNFcXg0eGlJYnljODVGY3ZYZXJPN3pCRjdHUVB0Y1ZXU05KcHdrM3dlcTRrUjhNRDJ5WkM3SE1JWXZHaXpUbl9oYktYcXo0bVQweV9mNlhZbWxsdDBaZw?hl=en-US&gl=US&ceid=US%3Aen,Town & Country,,2024-05-20T07:00:00.000Z,May 20,regular
98,Dior,A First Look at Rihanna’s New Campaign With Dior Beauty,https://news.google.com/read/CBMiiAFBVV95cUxOR0l1Ui1RcG9DZVdYSjBWNXRQbmhOdVZqRjViV0lHTDltQTJvekFYWGdQd29OcWpNQnpfZmlaVjNUVEhRT1A1aE40VkxPb3oxek00a1dkaFdSX2cyUGFmWFRBLW12UGVZTHVXbkc3MnhRLVdUM1daVkd6eHdkYWtKMHN4NUxETEhr?hl=en-US&gl=US&ceid=US%3Aen,ELLE,,2024-08-16T11:00:00.000Z,4 days ago,regular
99,Dior,Dior Takes Over The Little Nell in Aspen [PHOTOS],https://news.google.com/read/CBMioAFBVV95cUxQRzV0amtPX1RZZHB6dExIUzBsOEVzVGlOT1pWN2psbEZveHFWQ2hBNWJRa0Z3cTNENmpXamRTSVpEaEgtNWhYUGxHLU9SelRiZVNqbDBZOTIxeXlOV18zZk5jWHppT2Z3ZFljS2ZQN2MxYjdRaV85cUN5cEY2NnkyRWFFMElkdE85VWtTWVZ3MFFqeDdoZFAxT2tyNkVJdjBE?hl=en-US&gl=US&ceid=US%3Aen,WWD,,2024-06-13T07:00:00.000Z,Jun 13,regular
100,Dior,Jennifer Lopez’s Dior Show Dress Looked Like a Reimagined Trench,https://news.google.com/read/CBMipwFBVV95cUxQSW9RWlZJejV4Q01oUnUxR2RvOWFkM3I5WGQ4bUFNN1BBb1VaNlEyZkYtQUE2WUhkeHlmTnVPdmRZVktaV1ZZWElzU1lnZGlOOGlpVlc4cVQyUldTOTBVZE4tT0hyMVdDVjVFb29uQkV0ZXN6bm9DZTZ2Wml6VG55TnZkdTFweERPNGZQRGNjdzkwa3ZJclRPUkEtNVpJNXl2UHlRZzFsQQ?hl=en-US&gl=US&ceid=US%3Aen,Harper's BAZAAR,,2024-06-24T07:00:00.000Z,Jun 24,regular
101,Dior,Dior Introduces Me to ‘Chaos’ Makeup For Paris Fashion Week,https://news.google.com/read/CBMimAFBVV95cUxQeWZoUy1MV2lrYXdlTGJwTW1GdTZQN2xBWkwxRU9ldzB6dmpLb1VZZ0FaOVJWM202V1BNX0VqbTBrRTk0ZkhuOVhCcnBrRXExRTJ5Yk9Tc3VfeTROV1Rnay1GM2ExbVMtbXpVV3FKeW9zNDRBeWMtSUthR1NnOW42UTM3M0JZOG45THVhaHR0QmpId2thc1BYeA?hl=en-US&gl=US&ceid=US%3Aen,The Cut,,2024-02-29T08:00:00.000Z,Feb 29,regular
102,Dior,Dior and Armani Respond to Italian Competition Authority Probe Into Supply Chain,https://news.google.com/read/CBMitwFBVV95cUxOUkpFb3U4VGM4cHliN0R3WEdRdUR4aW5ZRldEOEhlbjc5eE9iRnVjUU5LMmZ4MnZDMUJ1UFJzM05NZ29PSjh4eFBUelJxTHhpZ1ZGOFo2VTY4LVowN3JDYm0yTVZvT1BsZWdrWGtwT2pyTWlOOGwySmRaR1ZxSUVjUXEwUEUyanpKYUhybTV2THBiVGl4dUVBVm1GaUI0ZnNia2NOZXVkdnktcEJUdF9HWWU4aWVCTDQ?hl=en-US&gl=US&ceid=US%3Aen,WWD,,2024-07-17T07:00:00.000Z,Jul 17,regular
103,Dior,"Cannes' Palm Beach — Once A Playground for Grace Kelly — Gets a ‘Retro-Future’ Makeover With Dior, Loro Piana",https://news.google.com/read/CBMikAFBVV95cUxQTm5xUVgtOUhwbndqQTAtUjdJMlRvNWNrUUlYNVZweFY5VjhtZGdNTGpzVGQ1Xzl6T1FtRXFhS0d3OFg5VUF1ajk3ZkJlS0lvRUJWV2pyV1c2YXZPaFJFTzZBUmFRcHZrSWkyM0Y5N0NzcUZPVkhlNTl3aHNXU1p0a3BtQ2Y4NG93Tm1vSERsR2M?hl=en-US&gl=US&ceid=US%3Aen,WWD,,2024-05-14T07:00:00.000Z,May 14,regular
104,Dior,Hotel Plaza Athénée Gives Dior Spa the Proper Palace Treatment,https://news.google.com/read/CBMia0FVX3lxTFB0Qkowa1NQaUV1RTJ1elFSeV9xbk52NVpyZHJGamZlY2tjcVkzblNFX3ozTlRIVng3clhNWTRWcE5rM2t1azhXYmt5RHpiUkVnVWc1VGttZXVwTkV6RGYzanY1VTdhd2xtVFk4?hl=en-US&gl=US&ceid=US%3Aen,Surface Magazine,,2024-05-30T07:00:00.000Z,May 30,regular
105,Dior,Giant cats stalk the catwalk at the Dior men's show,https://news.google.com/read/CBMijgFBVV95cUxPY29ZQWJKRW96ZmI0TGlsRjAzN3hOM2gzZThCWmtfa0U4TkxGWm9CY1Z4dmo0Nk4wcDlRUVM5Vjg4ZXlWMlVUeEY2QWdVQTd0azVsbHRpU3JhM0k0NmQyel84ck9kOHR0QndEdWpOcGI4QjRMaWpkUFNscGIzZlJXSlBZRnpCRExTNENPTXhn?hl=en-US&gl=US&ceid=US%3Aen,Reuters,,2024-06-21T07:00:00.000Z,Jun 21,regular
106,Dior,"‘Miss Dior, Stories of a Miss’ Exhibit in Tokyo Traces the Iconic Scent’s Heritage",https://news.google.com/read/CBMigwFBVV95cUxOSEdMeExKRXZhUjBCR1pPamdLb3NCQzBCQWhVeVNiVzRuV252UWtwdFhfaUk0aTBGaEJ1a0tiR1M3dllyRS1feWZ0R2FZLTdwR1NhdFJXLXRGQzhCaHF1YUdCTTh2YmxFNVRLVVptV2c0WkVQdHRwSnlLS1RBZXN4cGdpcw?hl=en-US&gl=US&ceid=US%3Aen,Yahoo Life,,2024-06-14T07:00:00.000Z,Jun 14,regular
107,Dior,"Prada Sale Murmurs, Hedi-Dior Fever Dreams & Phoebe Intel",https://news.google.com/read/CBMilwFBVV95cUxPeVJiWWI3aUs1bnNJdDNpUERtOXNnTEktZVNZNmdtSzgyTTNiaEZYWVZMd2p2RmVuRUszRmMxVkQ2M0R6c3lfMW1yejVJX1hKb0lMcEM4RWdDbXlhbDkxWC1TWUNiZjlrQThyYmNtekM4Z0tfX1psejgtTElFby0yQzBsTHJqeTl3dHRmVGhCUmc0XzVYampN?hl=en-US&gl=US&ceid=US%3Aen,Puck,,2024-04-11T22:22:03.000Z,Apr 12,regular
108,Dior,EXCLUSIVE: Dior Names Charlize Theron as Jewelry and Skin Care Ambassador,https://news.google.com/read/CBMisgFBVV95cUxOby1YZFM3cmlwWUl0NC1pZDR2MHFsZS1zYVNOTHVzbUJfMFBmd2RrOVEtYW5BR3VheEpWQ2FSYjR1Q1ZYZDA2QkJOMURIZTF3QlJWN1Vya2FrTy13YmFvQ21nMG52ZGVESk82UzM3VlVLMEdmWXhRdURDejNULWVCMmdQZ1dsRlh1b1lINHJ5QkNfT1oxRHp1Z1RQUWdsVXVxNTNtTmVJZmNSS0NKTHB1aXNB?hl=en-US&gl=US&ceid=US%3Aen,WWD,,2024-05-20T07:00:00.000Z,May 20,regular
109,Dior,EXCLUSIVE: Rihanna Is Named the Face of Dior’s J’Adore Fragrance,https://news.google.com/read/CBMitgFBVV95cUxNcXF2em02VWRpVXJnZklGRjNJRDRzejNtWVhnbTk5N01KZ0VtQXhZQkJocWhSdU5ycVNSUVNBMGJYclIyQjRXcEFVd3ZvOU5ETm9jSFRKUjFEX2FyZzZ5WnZVMVZIQnJpbzhqQU9fQ2JlNUlmbHZkOUZ0ZERtZ1FTMmJLT2ZyQm54ci1oR2RldGlSX3VaUFd2LUFVM0IxTWRtTTdHR2pkY2lGNXBGR1hYR0l4N0lXUQ?hl=en-US&gl=US&ceid=US%3Aen,WWD,,2024-06-18T07:00:00.000Z,Jun 18,regular
110,Dior,Getaway driver in Baby Dior murder sentenced after testifying against shooter,https://news.google.com/read/CBMivgFBVV95cUxNZmc4SXhfU0FiNE5yZjNhem5RTmE2dExVc0Q4NjhBS01vSXFoT1Nia1M4OGlxYmlkRUd3azVhUHRSVUtnRmtGZU9DaVpJNjNyMDFMbkdJMjB3eVA4bkpwWFJNQzRQUGZBVm1reDNOekIwWDJUcDVJVi16SGVXVExORk80SXowVDdBY3dDaXZSZWtjWi1IQ3kzbnpnRi14cnZsdm9oaUVnNlNnc2xfanBWeHU1a1kzeGhSOGFFRVB30gHSAUFVX3lxTE9oVWZoQ1hsdVZFdzNTRHJwdVA0c3NaU1FpRFNRNkEydm1tTzhJUi1hMHlRNWlVU3VzZXZub1pLT3ZQa21xNUotcUo4X01sV2pHUllIRXlGRHIyNFFJN21pTGFqMVlwejBQdXI1Yi1nSXAwOEtCdWltOVJwNEJ0UlROMS0zeVdZQVZWT0xTTVA3VnlrRExvaE1ueGh0c2pRN2tlamV0WHBSMk1NTDRCck45Szd0TmxmdzdDTk5KdHRGV3h0d1ItTW1MZ3JiazJYT1BmZw?hl=en-US&gl=US&ceid=US%3Aen,syracuse.com,,2024-05-15T07:00:00.000Z,May 15,regular
111,Dior,Dior Subsidiary Under Administration After Italian Labor Probe,https://news.google.com/read/CBMisgFBVV95cUxNN1lrNUdnaXBpZzNkVnMtVnFsT1hvM3ZjZnhKZDJJNld1MnJFSkw1c3NHNHhhUzNjakxNZ0M4Zzc2alRYdzQ2YkVlQ01Rc2tudmtTa2k1ZFJLSllIbFlKdUR2dVNvZnFPd3F6cngxeHFiMXBRV0xSeUJvMXdlOHlMaWRBQXVvWkxrMk1OaFRueVRubGlhMjBoRkVETS0ycjhSRm1OSjVnOWxpNWR2Z3FJMTdn?hl=en-US&gl=US&ceid=US%3Aen,Sourcing Journal,,2024-06-11T07:00:00.000Z,Jun 11,regular
112,Dior,"Dior’s cats and dogs: Kim Jones unleashes a star-studded, art-inspired Paris collection",https://news.google.com/read/CBMikgFBVV95cUxOb3o5ejBOVnBBZlBwX292X1AzLUtYNks2dngzR1gxdFZaTDU2LWthZjZTeEFpSFFTeFZVZkJab3dnQzNURnJ0ZVBDb1NxZXBTOHU3a0pSSWJXbEQzMG96LXpCVTBSb2lXck5ONnZGaXZYMUpacDh6Wkc4NkNSTFVVa2U5cGN2WVd3TWhUNURfWTZhUQ?hl=en-US&gl=US&ceid=US%3Aen,The Associated Press,,2024-06-21T07:00:00.000Z,Jun 21,regular
113,Dior,Dior Men’s Spring 2025: Artist Hylton Nel Is the Cat’s Meow,https://news.google.com/read/CBMigAFBVV95cUxQOF83SXhNT0RtZGR6NGhNNWZkSjZJVlRDZU5zNlhkdmZib2dUWWxERC1la21HbU1WclNGSjVkUmVFeGlmVnpIQkE3dkFkS2xJVFhjMGdrTU9CdlE3MGJjV3NGQUI3NlRrZHg1S1pMS2hVUWF5ME9XUEFVSE8xcS1oVg?hl=en-US&gl=US&ceid=US%3Aen,WWD,,2024-06-21T07:00:00.000Z,Jun 21,regular
114,Dior,Dior Goes Existential With Fall Ads Lensed by Sarah Jones,https://news.google.com/read/CBMiiAFBVV95cUxNaFY0V25lUlpoUXYtNGwwa3I2MWt5WDZSZ05ZRVpJbzhxY0c5VWM1WmM2T25pNFB0b3NjN2xVbG5hMGN3YmRSZHF0eXJabmJhYVg5ZWNJcDNodE9zUEluRjZ0Q0JXdjgzRDViUjdQYVdfQ1F2bElVMVp6Z3NFTElObG5qTEd1SXR1?hl=en-US&gl=US&ceid=US%3Aen,WWD,,2024-07-17T07:00:00.000Z,Jul 17,regular
